PAGE,ATTRIBUTE VALUE
https://www.fxstreet.com/macroeconomics/central-banks/pboc,https://editorial.azureedge.net/images/Macroeconomics/CentralBanks/PBOC/bank-of-china-hong-kong-19495612_Medium.jpg
https://www.fxstreet.com/cryptocurrencies/news/microstrategys-correlation-to-bitcoin-price-surpasses-67-while-mstr-skyrockets-202101060822,https://editorial.fxstreet.com/images/Resources/Discover_6_1_Medium.jpg
https://www.fxstreet.com/cryptocurrencies/news/microstrategys-correlation-to-bitcoin-price-surpasses-67-while-mstr-skyrockets-202101060822,https://editorial.fxstreet.com/images/Resources/Discover_6_1_Medium.jpg
https://www.fxstreet.com/cryptocurrencies/news/bitcoin-price-prediction-btc-readies-for-liftoff-to-40-000-as-whales-continue-accumulating-202101060325,https://editorial.fxstreet.com/images/Resources/Discover_6_1_Medium.jpg
https://www.fxstreet.com/cryptocurrencies/news/bitcoin-price-prediction-btc-readies-for-liftoff-to-40-000-as-whales-continue-accumulating-202101060325,https://editorial.fxstreet.com/images/Resources/Discover_6_1_Medium.jpg
https://www.fxstreet.com/cryptocurrencies/news/institutions-are-driving-this-bull-run-and-crypto-must-rise-to-the-challenge-202101050850,https://editorial.fxstreet.com/images/Resources/Discover_6_1_Medium.jpg
https://www.fxstreet.com/cryptocurrencies/news/institutions-are-driving-this-bull-run-and-crypto-must-rise-to-the-challenge-202101050850,https://editorial.fxstreet.com/images/Resources/Discover_6_1_Medium.jpg
https://www.fxstreet.com/cryptocurrencies/news/bitcoins-tedious-walk-around-30k-202205240716,https://editorial.fxstreet.com/images/Resources/Discover_6_1_Medium.jpg
https://www.fxstreet.com/cryptocurrencies/news/bitcoins-tedious-walk-around-30k-202205240716,https://editorial.fxstreet.com/images/Resources/Discover_6_1_Medium.jpg
https://www.fxstreet.com/cryptocurrencies/news/bitcoin-price-set-to-rise-by-more-than-700-suggests-crucial-on-chain-metric-202101051819,https://editorial.fxstreet.com/images/Resources/Discover_6_1_Medium.jpg
https://www.fxstreet.com/cryptocurrencies/news/bitcoin-price-set-to-rise-by-more-than-700-suggests-crucial-on-chain-metric-202101051819,https://editorial.fxstreet.com/images/Resources/Discover_6_1_Medium.jpg
https://www.fxstreet.com/cryptocurrencies/news/five-on-chain-metrics-suggest-bitcoins-bull-market-is-headed-for-240-000-202012090657,https://editorial.fxstreet.com/images/Resources/Discover_6_1_Medium.jpg
https://www.fxstreet.com/cryptocurrencies/news/five-on-chain-metrics-suggest-bitcoins-bull-market-is-headed-for-240-000-202012090657,https://editorial.fxstreet.com/images/Resources/Discover_6_1_Medium.jpg
https://www.fxstreet.com/cryptocurrencies/news/bitcoin-investors-are-growing-euphoric-a-pullback-could-be-nigh-and-disastrous-202011240453,https://editorial.fxstreet.com/images/Resources/Discover_6_1_Medium.jpg
https://www.fxstreet.com/cryptocurrencies/news/bitcoin-investors-are-growing-euphoric-a-pullback-could-be-nigh-and-disastrous-202011240453,https://editorial.fxstreet.com/images/Resources/Discover_6_1_Medium.jpg
https://www.fxstreet.com/cryptocurrencies/news/trading-veteran-cashes-out-50-of-his-bitcoin-position-expecting-a-correction-to-12-000-202011232240,https://editorial.fxstreet.com/images/Resources/Discover_6_1_Medium.jpg
https://www.fxstreet.com/cryptocurrencies/news/trading-veteran-cashes-out-50-of-his-bitcoin-position-expecting-a-correction-to-12-000-202011232240,https://editorial.fxstreet.com/images/Resources/Discover_6_1_Medium.jpg
https://www.fxstreet.com/cryptocurrencies/news/bitcoin-price-analysis-btc-stops-within-a-whisker-of-19-000-bearish-signals-piling-up-202011211119,https://editorial.fxstreet.com/images/Resources/Discover_6_1_Medium.jpg
https://www.fxstreet.com/cryptocurrencies/news/bitcoin-price-analysis-btc-stops-within-a-whisker-of-19-000-bearish-signals-piling-up-202011211119,https://editorial.fxstreet.com/images/Resources/Discover_6_1_Medium.jpg
https://www.fxstreet.com/cryptocurrencies/news/top-3-price-prediction-bitcoin-ethereum-ripple-bitcoin-final-leg-to-20-000-lingers-as-crypto-bull-cycle-rockets-202011231001,https://editorial.fxstreet.com/images/Resources/Discover_6_1_Medium.jpg
https://www.fxstreet.com/cryptocurrencies/news/top-3-price-prediction-bitcoin-ethereum-ripple-bitcoin-final-leg-to-20-000-lingers-as-crypto-bull-cycle-rockets-202011231001,https://editorial.fxstreet.com/images/Resources/Discover_6_1_Medium.jpg
https://www.fxstreet.com/cryptocurrencies/news/top-3-price-prediction-bitcoin-ethereum-ripple-crypto-market-aims-for-further-gains-as-new-bullish-cycle-begins-202011201023,https://editorial.fxstreet.com/images/Resources/Discover_6_1_Medium.jpg
https://www.fxstreet.com/cryptocurrencies/news/top-3-price-prediction-bitcoin-ethereum-ripple-crypto-market-aims-for-further-gains-as-new-bullish-cycle-begins-202011201023,https://editorial.fxstreet.com/images/Resources/Discover_6_1_Medium.jpg
https://www.fxstreet.com/cryptocurrencies/news/eth-20-will-drive-ethereum-price-to-900-but-timing-is-a-crucial-factor-202011191511,https://editorial.fxstreet.com/images/Resources/Discover_6_1_Medium.jpg
https://www.fxstreet.com/cryptocurrencies/news/eth-20-will-drive-ethereum-price-to-900-but-timing-is-a-crucial-factor-202011191511,https://editorial.fxstreet.com/images/Resources/Discover_6_1_Medium.jpg
https://www.fxstreet.com/cryptocurrencies/news/ethereum-price-is-on-the-verge-of-a-massive-10-breakout-towards-520-202011172009,https://editorial.fxstreet.com/images/Resources/Discover_6_1_Medium.jpg
https://www.fxstreet.com/cryptocurrencies/news/ethereum-price-is-on-the-verge-of-a-massive-10-breakout-towards-520-202011172009,https://editorial.fxstreet.com/images/Resources/Discover_6_1_Medium.jpg
https://www.fxstreet.com/cryptocurrencies/news/top-3-price-prediction-bitcoin-ethereum-ripple-bitcoin-sells-2020-top-crypto-market-bull-run-hits-pause-202011191011,https://editorial.fxstreet.com/images/Resources/Discover_6_1_Medium.jpg
https://www.fxstreet.com/cryptocurrencies/news/top-3-price-prediction-bitcoin-ethereum-ripple-bitcoin-sells-2020-top-crypto-market-bull-run-hits-pause-202011191011,https://editorial.fxstreet.com/images/Resources/Discover_6_1_Medium.jpg
https://www.fxstreet.com/cryptocurrencies/news/ripple-price-prediction-xrp-shows-convincing-setup-for-a-rally-towards-05-202011181623,https://editorial.fxstreet.com/images/Resources/Discover_6_1_Medium.jpg
https://www.fxstreet.com/cryptocurrencies/news/ripple-price-prediction-xrp-shows-convincing-setup-for-a-rally-towards-05-202011181623,https://editorial.fxstreet.com/images/Resources/Discover_6_1_Medium.jpg
https://www.fxstreet.com/cryptocurrencies/news/bitcoin-fundamentals-are-at-all-time-highs-while-prices-are-heading-to-20-000-202011190006,https://editorial.fxstreet.com/images/Resources/Discover_6_1_Medium.jpg
https://www.fxstreet.com/cryptocurrencies/news/bitcoin-fundamentals-are-at-all-time-highs-while-prices-are-heading-to-20-000-202011190006,https://editorial.fxstreet.com/images/Resources/Discover_6_1_Medium.jpg
https://www.fxstreet.com/cryptocurrencies/news/bitcoin-price-aiming-for-20-000-by-the-end-of-november-as-it-hits-a-market-capitalization-all-time-high-202011171837,https://editorial.fxstreet.com/images/Resources/Discover_6_1_Medium.jpg
https://www.fxstreet.com/cryptocurrencies/news/bitcoin-price-aiming-for-20-000-by-the-end-of-november-as-it-hits-a-market-capitalization-all-time-high-202011171837,https://editorial.fxstreet.com/images/Resources/Discover_6_1_Medium.jpg
https://www.fxstreet.com/cryptocurrencies/news/bitcoin-price-hits-17-000-but-might-be-poised-for-a-pullback-in-the-short-term-202011171445,https://editorial.fxstreet.com/images/Resources/Discover_6_1_Medium.jpg
https://www.fxstreet.com/cryptocurrencies/news/bitcoin-price-hits-17-000-but-might-be-poised-for-a-pullback-in-the-short-term-202011171445,https://editorial.fxstreet.com/images/Resources/Discover_6_1_Medium.jpg
https://www.fxstreet.com/cryptocurrencies/news/breaking-bitcoin-breaks-above-17-000-first-time-since-january-2018-now-the-sky-is-the-limit-202011171159,https://editorial.fxstreet.com/images/Resources/Discover_6_1_Medium.jpg
https://www.fxstreet.com/cryptocurrencies/news/breaking-bitcoin-breaks-above-17-000-first-time-since-january-2018-now-the-sky-is-the-limit-202011171159,https://editorial.fxstreet.com/images/Resources/Discover_6_1_Medium.jpg
https://www.fxstreet.com/cryptocurrencies/news/top-3-price-prediction-bitcoin-ethereum-ripple-bitcoin-welcoming-17-000-crypto-bull-market-at-the-threshold-202011171005,https://editorial.fxstreet.com/images/Resources/Discover_6_1_Medium.jpg
https://www.fxstreet.com/cryptocurrencies/news/top-3-price-prediction-bitcoin-ethereum-ripple-bitcoin-welcoming-17-000-crypto-bull-market-at-the-threshold-202011171005,https://editorial.fxstreet.com/images/Resources/Discover_6_1_Medium.jpg
https://www.fxstreet.com/cryptocurrencies/news/ethereum-price-aims-for-520-if-bulls-can-crack-this-critical-resistance-level-202011162104,https://editorial.fxstreet.com/images/Resources/Discover_6_1_Medium.jpg
https://www.fxstreet.com/cryptocurrencies/news/ethereum-price-aims-for-520-if-bulls-can-crack-this-critical-resistance-level-202011162104,https://editorial.fxstreet.com/images/Resources/Discover_6_1_Medium.jpg
https://www.fxstreet.com/cryptocurrencies/news/roughly-1-billion-in-ethereum-will-be-released-from-uniswap-leading-to-a-spike-in-selling-pressure-202011131438,https://editorial.fxstreet.com/images/Resources/Discover_6_1_Medium.jpg
https://www.fxstreet.com/cryptocurrencies/news/roughly-1-billion-in-ethereum-will-be-released-from-uniswap-leading-to-a-spike-in-selling-pressure-202011131438,https://editorial.fxstreet.com/images/Resources/Discover_6_1_Medium.jpg
https://www.fxstreet.com/cryptocurrencies/news/ethereum-price-breaks-critical-resistance-bulls-target-500-in-the-short-term-202011111838,https://editorial.fxstreet.com/images/Resources/Discover_6_1_Medium.jpg
https://www.fxstreet.com/cryptocurrencies/news/ethereum-price-breaks-critical-resistance-bulls-target-500-in-the-short-term-202011111838,https://editorial.fxstreet.com/images/Resources/Discover_6_1_Medium.jpg
https://www.fxstreet.com/cryptocurrencies/news/top-3-price-prediction-bitcoin-ethereum-ripple-bitcoin-liftoff-to-16-000-to-trigger-the-next-bull-run-202011111020,https://editorial.fxstreet.com/images/Resources/Discover_6_1_Medium.jpg
https://www.fxstreet.com/cryptocurrencies/news/top-3-price-prediction-bitcoin-ethereum-ripple-bitcoin-liftoff-to-16-000-to-trigger-the-next-bull-run-202011111020,https://editorial.fxstreet.com/images/Resources/Discover_6_1_Medium.jpg
https://www.fxstreet.com/cryptocurrencies/news/ethereums-20-upgrade-might-be-the-catalyst-for-a-new-bull-run-202011110020,https://editorial.fxstreet.com/images/Resources/Discover_6_1_Medium.jpg
https://www.fxstreet.com/cryptocurrencies/news/ethereums-20-upgrade-might-be-the-catalyst-for-a-new-bull-run-202011110020,https://editorial.fxstreet.com/images/Resources/Discover_6_1_Medium.jpg
https://www.fxstreet.com/cryptocurrencies/news/ethereum-technical-analysis-eth-to-reach-500-if-it-overcomes-this-resistance-level-202011070439,https://editorial.fxstreet.com/images/Resources/Discover_6_1_Medium.jpg
https://www.fxstreet.com/cryptocurrencies/news/ethereum-technical-analysis-eth-to-reach-500-if-it-overcomes-this-resistance-level-202011070439,https://editorial.fxstreet.com/images/Resources/Discover_6_1_Medium.jpg
https://www.fxstreet.com/cryptocurrencies/news/top-3-price-prediction-bitcoin-ethereum-ripple-bitcoin-explodes-as-crypto-market-moon-draws-nigh-202011060838,https://editorial.fxstreet.com/images/Resources/Discover_6_1_Medium.jpg
https://www.fxstreet.com/cryptocurrencies/news/top-3-price-prediction-bitcoin-ethereum-ripple-bitcoin-explodes-as-crypto-market-moon-draws-nigh-202011060838,https://editorial.fxstreet.com/images/Resources/Discover_6_1_Medium.jpg
https://www.fxstreet.com/cryptocurrencies/news/ripple-releases-quarterly-report-showing-a-300-in-xrp-sales-the-price-remains-flat-202011052132,https://editorial.fxstreet.com/images/Resources/Discover_6_1_Medium.jpg
https://www.fxstreet.com/cryptocurrencies/news/ripple-releases-quarterly-report-showing-a-300-in-xrp-sales-the-price-remains-flat-202011052132,https://editorial.fxstreet.com/images/Resources/Discover_6_1_Medium.jpg
https://www.fxstreet.com/cryptocurrencies/news/xrp-price-tries-to-rebound-but-gets-rejected-from-a-critical-resistance-level-202011042204,https://editorial.fxstreet.com/images/Resources/Discover_6_1_Medium.jpg
https://www.fxstreet.com/cryptocurrencies/news/xrp-price-tries-to-rebound-but-gets-rejected-from-a-critical-resistance-level-202011042204,https://editorial.fxstreet.com/images/Resources/Discover_6_1_Medium.jpg
https://www.fxstreet.com/cryptocurrencies/news/ripple-price-prediction-xrp-latest-bearish-break-loses-momentum-202010291936,https://editorial.fxstreet.com/images/Resources/Discover_6_1_Medium.jpg
https://www.fxstreet.com/cryptocurrencies/news/ripple-price-prediction-xrp-latest-bearish-break-loses-momentum-202010291936,https://editorial.fxstreet.com/images/Resources/Discover_6_1_Medium.jpg
https://www.fxstreet.com/cryptocurrencies/news/top-3-price-prediction-bitcoin-ethereum-ripple-weak-hands-get-shaken-out-before-ultimate-bullish-impulse-202010281011,https://editorial.fxstreet.com/images/Resources/Discover_6_1_Medium.jpg
https://www.fxstreet.com/cryptocurrencies/news/top-3-price-prediction-bitcoin-ethereum-ripple-weak-hands-get-shaken-out-before-ultimate-bullish-impulse-202010281011,https://editorial.fxstreet.com/images/Resources/Discover_6_1_Medium.jpg
https://www.fxstreet.com/cryptocurrencies/news/ethereum-price-analysis-eth-growth-perspectives-are-mired-as-miners-dump-their-coins-202010271340,https://editorial.fxstreet.com/images/Resources/Discover_6_1_Medium.jpg
https://www.fxstreet.com/cryptocurrencies/news/ethereum-price-analysis-eth-growth-perspectives-are-mired-as-miners-dump-their-coins-202010271340,https://editorial.fxstreet.com/images/Resources/Discover_6_1_Medium.jpg
https://www.fxstreet.com/cryptocurrencies/news/bitcoin-to-keep-outperforming-other-major-asset-classes-over-the-next-18-months-popular-analyst-202010272339,https://editorial.fxstreet.com/images/Resources/Discover_6_1_Medium.jpg
https://www.fxstreet.com/cryptocurrencies/news/bitcoin-to-keep-outperforming-other-major-asset-classes-over-the-next-18-months-popular-analyst-202010272339,https://editorial.fxstreet.com/images/Resources/Discover_6_1_Medium.jpg
https://www.fxstreet.com/cryptocurrencies/news/will-this-time-be-different-as-bitcoin-recaptures-2019-highs-202010271328,https://editorial.fxstreet.com/images/Resources/Discover_6_1_Medium.jpg
https://www.fxstreet.com/cryptocurrencies/news/will-this-time-be-different-as-bitcoin-recaptures-2019-highs-202010271328,https://editorial.fxstreet.com/images/Resources/Discover_6_1_Medium.jpg
https://www.fxstreet.com/cryptocurrencies/news/cryptocurrencies-price-prediction-bitcoin-polkadot-and-ripple-european-wrap-27-october-202010271457,https://editorial.fxstreet.com/images/Resources/Discover_6_1_Medium.jpg
https://www.fxstreet.com/cryptocurrencies/news/cryptocurrencies-price-prediction-bitcoin-polkadot-and-ripple-european-wrap-27-october-202010271457,https://editorial.fxstreet.com/images/Resources/Discover_6_1_Medium.jpg
https://www.fxstreet.com/cryptocurrencies/news/polkadot-price-analysis-dots-new-bullish-wave-might-have-to-wait-202010270738,https://editorial.fxstreet.com/images/Resources/Discover_6_1_Medium.jpg
https://www.fxstreet.com/cryptocurrencies/news/polkadot-price-analysis-dots-new-bullish-wave-might-have-to-wait-202010270738,https://editorial.fxstreet.com/images/Resources/Discover_6_1_Medium.jpg
https://www.fxstreet.com/cryptocurrencies/news/polkadot-is-a-new-star-of-the-blockchain-space-threatening-tron-eos-and-eth-202010190839,https://editorial.fxstreet.com/images/Resources/Discover_6_1_Medium.jpg
https://www.fxstreet.com/cryptocurrencies/news/polkadot-is-a-new-star-of-the-blockchain-space-threatening-tron-eos-and-eth-202010190839,https://editorial.fxstreet.com/images/Resources/Discover_6_1_Medium.jpg
https://www.fxstreet.com/cryptocurrencies/news/crypto-enthusiasts-grow-extremely-greedy-suggesting-a-major-correction-is-underway-202010271629,https://editorial.fxstreet.com/images/Resources/Discover_6_1_Medium.jpg
https://www.fxstreet.com/cryptocurrencies/news/crypto-enthusiasts-grow-extremely-greedy-suggesting-a-major-correction-is-underway-202010271629,https://editorial.fxstreet.com/images/Resources/Discover_6_1_Medium.jpg
https://www.fxstreet.com/cryptocurrencies/news/bitcoin-price-prediction-btc-slips-below-a-critical-support-level-targeting-12-000-202010231652,https://editorial.fxstreet.com/images/Resources/Discover_6_1_Medium.jpg
https://www.fxstreet.com/cryptocurrencies/news/bitcoin-price-prediction-btc-slips-below-a-critical-support-level-targeting-12-000-202010231652,https://editorial.fxstreet.com/images/Resources/Discover_6_1_Medium.jpg
https://www.fxstreet.com/cryptocurrencies/news/will-bitcoin-or-gold-provide-higher-returns-under-quantitative-easing-environment-202010231339,https://editorial.fxstreet.com/images/Resources/Discover_6_1_Medium.jpg
https://www.fxstreet.com/cryptocurrencies/news/will-bitcoin-or-gold-provide-higher-returns-under-quantitative-easing-environment-202010231339,https://editorial.fxstreet.com/images/Resources/Discover_6_1_Medium.jpg
https://www.fxstreet.com/cryptocurrencies/news/bitcoin-weekly-forecast-bitcoin-goes-up-as-some-of-the-worlds-largest-currencies-go-down-202010231524,https://editorial.fxstreet.com/images/Resources/Discover_6_1_Medium.jpg
https://www.fxstreet.com/cryptocurrencies/news/bitcoin-weekly-forecast-bitcoin-goes-up-as-some-of-the-worlds-largest-currencies-go-down-202010231524,https://editorial.fxstreet.com/images/Resources/Discover_6_1_Medium.jpg
https://www.fxstreet.com/cryptocurrencies/news/investors-flock-to-bitcoin-amid-concerns-over-high-inflation-survey-202010011134,https://editorial.fxstreet.com/images/Resources/Discover_6_1_Medium.jpg
https://www.fxstreet.com/cryptocurrencies/news/investors-flock-to-bitcoin-amid-concerns-over-high-inflation-survey-202010011134,https://editorial.fxstreet.com/images/Resources/Discover_6_1_Medium.jpg
https://www.fxstreet.com/cryptocurrencies/news/the-cryptocurrency-industry-waits-for-institutional-investors-and-they-are-coming-202009230859,https://editorial.fxstreet.com/images/Resources/Discover_6_1_Medium.jpg
https://www.fxstreet.com/cryptocurrencies/news/the-cryptocurrency-industry-waits-for-institutional-investors-and-they-are-coming-202009230859,https://editorial.fxstreet.com/images/Resources/Discover_6_1_Medium.jpg
https://www.fxstreet.com/cryptocurrencies/news/bermuda-stock-exchange-launches-bitcoin-etf-what-it-means-for-the-cryptocurrency-market-202009221049,https://editorial.fxstreet.com/images/Resources/Discover_6_1_Medium.jpg
https://www.fxstreet.com/cryptocurrencies/news/bermuda-stock-exchange-launches-bitcoin-etf-what-it-means-for-the-cryptocurrency-market-202009221049,https://editorial.fxstreet.com/images/Resources/Discover_6_1_Medium.jpg
https://www.fxstreet.com/cryptocurrencies/news/bitcoin-price-forecast-btc-lacks-healthy-support-levels-on-the-downside-confluence-detector-202009220456,https://editorial.fxstreet.com/images/Resources/Discover_6_1_Medium.jpg
https://www.fxstreet.com/cryptocurrencies/news/bitcoin-price-forecast-btc-lacks-healthy-support-levels-on-the-downside-confluence-detector-202009220456,https://editorial.fxstreet.com/images/Resources/Discover_6_1_Medium.jpg
https://www.fxstreet.com/cryptocurrencies/news/top-3-coins-price-prediction-bitcoin-ethereum-and-ripple-market-crumbles-under-bearish-pressure-202009220058,https://editorial.fxstreet.com/images/Resources/Discover_6_1_Medium.jpg
https://www.fxstreet.com/cryptocurrencies/news/top-3-coins-price-prediction-bitcoin-ethereum-and-ripple-market-crumbles-under-bearish-pressure-202009220058,https://editorial.fxstreet.com/images/Resources/Discover_6_1_Medium.jpg
https://www.fxstreet.com/cryptocurrencies/news/ripple-price-analysis-xrp-could-be-looking-for-a-correction-down-to-021-202009212016,https://editorial.fxstreet.com/images/Resources/Discover_6_1_Medium.jpg
https://www.fxstreet.com/cryptocurrencies/news/ripple-price-analysis-xrp-could-be-looking-for-a-correction-down-to-021-202009212016,https://editorial.fxstreet.com/images/Resources/Discover_6_1_Medium.jpg
https://www.fxstreet.com/cryptocurrencies/news/breaking-ethereum-erases-4-billion-in-market-capitalization-within-hours-202009211517,https://editorial.fxstreet.com/images/Resources/Discover_6_1_Medium.jpg
https://www.fxstreet.com/cryptocurrencies/news/breaking-ethereum-erases-4-billion-in-market-capitalization-within-hours-202009211517,https://editorial.fxstreet.com/images/Resources/Discover_6_1_Medium.jpg
https://www.fxstreet.com/cryptocurrencies/news/top-3-coins-price-prediction-bitcoin-ethereum-and-ripple-btc-hashrate-reaches-new-all-time-high-level-202009100106,https://editorial.fxstreet.com/images/Resources/Discover_6_1_Medium.jpg
https://www.fxstreet.com/cryptocurrencies/news/top-3-coins-price-prediction-bitcoin-ethereum-and-ripple-btc-hashrate-reaches-new-all-time-high-level-202009100106,https://editorial.fxstreet.com/images/Resources/Discover_6_1_Medium.jpg
https://www.fxstreet.com/cryptocurrencies/news/bitcoin-price-prediction-btc-needs-to-defend-critical-support-level-at-10-600-202009211418,https://editorial.fxstreet.com/images/Resources/Discover_6_1_Medium.jpg
https://www.fxstreet.com/cryptocurrencies/news/bitcoin-price-prediction-btc-needs-to-defend-critical-support-level-at-10-600-202009211418,https://editorial.fxstreet.com/images/Resources/Discover_6_1_Medium.jpg
https://www.fxstreet.com/cryptocurrencies/news/growing-trading-volumes-on-bakkt-is-no-good-for-bitcoin-btc-poised-to-retest-10-500-202009160843,https://editorial.fxstreet.com/images/Resources/Discover_6_1_Medium.jpg
https://www.fxstreet.com/cryptocurrencies/news/growing-trading-volumes-on-bakkt-is-no-good-for-bitcoin-btc-poised-to-retest-10-500-202009160843,https://editorial.fxstreet.com/images/Resources/Discover_6_1_Medium.jpg
https://www.fxstreet.com/cryptocurrencies/news/top-3-coins-price-prediction-bitcoin-ethereum-and-ripple-bears-may-pull-btc-down-to-10-460-202009160240,https://editorial.fxstreet.com/images/Resources/Discover_6_1_Medium.jpg
https://www.fxstreet.com/cryptocurrencies/news/top-3-coins-price-prediction-bitcoin-ethereum-and-ripple-bears-may-pull-btc-down-to-10-460-202009160240,https://editorial.fxstreet.com/images/Resources/Discover_6_1_Medium.jpg
https://www.fxstreet.com/cryptocurrencies/news/cryptocurrencies-price-prediction-binance-coin-ethereum-and-monero-european-wrap-15-september-202009151130,https://editorial.fxstreet.com/images/Resources/Discover_6_1_Medium.jpg
https://www.fxstreet.com/cryptocurrencies/news/cryptocurrencies-price-prediction-binance-coin-ethereum-and-monero-european-wrap-15-september-202009151130,https://editorial.fxstreet.com/images/Resources/Discover_6_1_Medium.jpg
https://www.fxstreet.com/cryptocurrencies/news/monero-update-xmrs-privacy-could-be-compromised-price-breakdown-to-75-impends-202009151007,https://editorial.fxstreet.com/images/Resources/Discover_6_1_Medium.jpg
https://www.fxstreet.com/cryptocurrencies/news/monero-update-xmrs-privacy-could-be-compromised-price-breakdown-to-75-impends-202009151007,https://editorial.fxstreet.com/images/Resources/Discover_6_1_Medium.jpg
https://www.fxstreet.com/cryptocurrencies/news/sushiswap-price-forecast-sushi-consolidating-before-a-breakout-eyeing-350-202009140707,https://editorial.fxstreet.com/images/Resources/Discover_6_1_Medium.jpg
https://www.fxstreet.com/cryptocurrencies/news/sushiswap-price-forecast-sushi-consolidating-before-a-breakout-eyeing-350-202009140707,https://editorial.fxstreet.com/images/Resources/Discover_6_1_Medium.jpg
https://www.fxstreet.com/cryptocurrencies/news/monero-price-analysis-xmr-usd-bulls-make-a-comeback-as-ciphertrace-proves-ineffective-202009042228,https://editorial.fxstreet.com/images/Resources/Discover_6_1_Medium.jpg
https://www.fxstreet.com/cryptocurrencies/news/monero-price-analysis-xmr-usd-bulls-make-a-comeback-as-ciphertrace-proves-ineffective-202009042228,https://editorial.fxstreet.com/images/Resources/Discover_6_1_Medium.jpg
https://www.fxstreet.com/cryptocurrencies/news/ethereum-price-forecast-eth-mark-times-ahead-of-majestic-breakout-to-420-202009150721,https://editorial.fxstreet.com/images/Resources/Discover_6_1_Medium.jpg
https://www.fxstreet.com/cryptocurrencies/news/ethereum-price-forecast-eth-mark-times-ahead-of-majestic-breakout-to-420-202009150721,https://editorial.fxstreet.com/images/Resources/Discover_6_1_Medium.jpg
https://www.fxstreet.com/cryptocurrencies/news/ethereum-price-prediction-eth-braces-for-a-challenging-ride-to-400-what-to-expect-202009140442,https://editorial.fxstreet.com/images/Resources/Discover_6_1_Medium.jpg
https://www.fxstreet.com/cryptocurrencies/news/ethereum-price-prediction-eth-braces-for-a-challenging-ride-to-400-what-to-expect-202009140442,https://editorial.fxstreet.com/images/Resources/Discover_6_1_Medium.jpg
https://www.fxstreet.com/cryptocurrencies/news/binance-coin-bnb-runs-out-of-luck-as-binance-accused-of-laundering-9-million-202009151012,https://editorial.fxstreet.com/images/Resources/Discover_6_1_Medium.jpg
https://www.fxstreet.com/cryptocurrencies/news/binance-coin-bnb-runs-out-of-luck-as-binance-accused-of-laundering-9-million-202009151012,https://editorial.fxstreet.com/images/Resources/Discover_6_1_Medium.jpg
https://www.fxstreet.com/cryptocurrencies/news/binance-users-hoard-busd-on-their-exchange-accounts-what-are-they-up-to-202009150740,https://editorial.fxstreet.com/images/Resources/Discover_6_1_Medium.jpg
https://www.fxstreet.com/cryptocurrencies/news/binance-users-hoard-busd-on-their-exchange-accounts-what-are-they-up-to-202009150740,https://editorial.fxstreet.com/images/Resources/Discover_6_1_Medium.jpg
https://www.fxstreet.com/cryptocurrencies/news/cryptocurrency-market-news-binance-launches-yield-farming-for-crypto-assets-202009071954,https://editorial.fxstreet.com/images/Resources/Discover_6_1_Medium.jpg
https://www.fxstreet.com/cryptocurrencies/news/cryptocurrency-market-news-binance-launches-yield-farming-for-crypto-assets-202009071954,https://editorial.fxstreet.com/images/Resources/Discover_6_1_Medium.jpg
https://www.fxstreet.com/cryptocurrencies/news/bitcoins-whales-get-ready-buying-the-dip-on-chain-data-shows-202009081048,https://editorial.fxstreet.com/images/Resources/Discover_6_1_Medium.jpg
https://www.fxstreet.com/cryptocurrencies/news/bitcoins-whales-get-ready-buying-the-dip-on-chain-data-shows-202009081048,https://editorial.fxstreet.com/images/Resources/Discover_6_1_Medium.jpg
https://www.fxstreet.com/cryptocurrencies/news/bitcoin-price-update-btc-bulls-ready-to-strike-back-once-11-000-is-cleared-202009080738,https://editorial.fxstreet.com/images/Resources/Discover_6_1_Medium.jpg
https://www.fxstreet.com/cryptocurrencies/news/bitcoin-price-update-btc-bulls-ready-to-strike-back-once-11-000-is-cleared-202009080738,https://editorial.fxstreet.com/images/Resources/Discover_6_1_Medium.jpg
https://www.fxstreet.com/cryptocurrencies/news/defi-will-change-the-crypto-top-30-202009071248,https://editorial.fxstreet.com/images/Resources/Discover_6_1_Medium.jpg
https://www.fxstreet.com/cryptocurrencies/news/defi-will-change-the-crypto-top-30-202009071248,https://editorial.fxstreet.com/images/Resources/Discover_6_1_Medium.jpg
https://www.fxstreet.com/cryptocurrencies/news/binance-coin-bnb-pioneers-the-market-recovery-will-btc-follow-the-lead-202009091304,https://editorial.fxstreet.com/images/Resources/Discover_6_1_Medium.jpg
https://www.fxstreet.com/cryptocurrencies/news/binance-coin-bnb-pioneers-the-market-recovery-will-btc-follow-the-lead-202009091304,https://editorial.fxstreet.com/images/Resources/Discover_6_1_Medium.jpg
https://www.fxstreet.com/cryptocurrencies/news/is-bitcoin-a-good-investment-202009151358,https://editorial.fxstreet.com/images/Resources/Discover_6_1_Medium.jpg
https://www.fxstreet.com/cryptocurrencies/news/is-bitcoin-a-good-investment-202009151358,https://editorial.fxstreet.com/images/Resources/Discover_6_1_Medium.jpg
https://www.fxstreet.com/cryptocurrencies/news/bitcoin-price-charts-hint-11k-will-likely-cause-trouble-for-btc-bulls-202009151620,https://editorial.fxstreet.com/images/Resources/Discover_6_1_Medium.jpg
https://www.fxstreet.com/cryptocurrencies/news/bitcoin-price-charts-hint-11k-will-likely-cause-trouble-for-btc-bulls-202009151620,https://editorial.fxstreet.com/images/Resources/Discover_6_1_Medium.jpg
https://www.fxstreet.com/cryptocurrencies/news/institutional-bitcoin-traders-set-to-benefit-from-galaxy-digital-and-bakkt-new-partnership-202006110643,https://editorial.fxstreet.com/images/Resources/Discover_6_1_Medium.jpg
https://www.fxstreet.com/cryptocurrencies/news/institutional-bitcoin-traders-set-to-benefit-from-galaxy-digital-and-bakkt-new-partnership-202006110643,https://editorial.fxstreet.com/images/Resources/Discover_6_1_Medium.jpg
https://www.fxstreet.com/cryptocurrencies/news/bitcoin-price-prediction-is-bitcoin-fundamentally-ready-to-take-on-10-000-confluence-detector-202006110438,https://editorial.fxstreet.com/images/Resources/Discover_6_1_Medium.jpg
https://www.fxstreet.com/cryptocurrencies/news/bitcoin-price-prediction-is-bitcoin-fundamentally-ready-to-take-on-10-000-confluence-detector-202006110438,https://editorial.fxstreet.com/images/Resources/Discover_6_1_Medium.jpg
https://www.fxstreet.com/cryptocurrencies/news/other-companies-will-follow-mstr-stock-up-9-after-buying-bitcoin-202009161242,https://editorial.fxstreet.com/images/Resources/Discover_6_1_Medium.jpg
https://www.fxstreet.com/cryptocurrencies/news/other-companies-will-follow-mstr-stock-up-9-after-buying-bitcoin-202009161242,https://editorial.fxstreet.com/images/Resources/Discover_6_1_Medium.jpg
https://www.fxstreet.com/cryptocurrencies/news/cryptocurrency-market-update-messaris-50-000-per-bitcoin-scenario-ethereum-collapses-from-250-202006240945,https://editorial.fxstreet.com/images/Resources/Discover_6_1_Medium.jpg
https://www.fxstreet.com/cryptocurrencies/news/cryptocurrency-market-update-messaris-50-000-per-bitcoin-scenario-ethereum-collapses-from-250-202006240945,https://editorial.fxstreet.com/images/Resources/Discover_6_1_Medium.jpg
https://www.fxstreet.com/cryptocurrencies/news/ethereum-market-update-eth-usd-collapses-back-to-240-202006240810,https://editorial.fxstreet.com/images/Resources/Discover_6_1_Medium.jpg
https://www.fxstreet.com/cryptocurrencies/news/ethereum-market-update-eth-usd-collapses-back-to-240-202006240810,https://editorial.fxstreet.com/images/Resources/Discover_6_1_Medium.jpg
https://www.fxstreet.com/cryptocurrencies/news/fed-printing-money-will-ultimately-benefit-bitcoin-tyler-winklevoss-202007240445,https://editorial.fxstreet.com/images/Resources/Discover_6_1_Medium.jpg
https://www.fxstreet.com/cryptocurrencies/news/fed-printing-money-will-ultimately-benefit-bitcoin-tyler-winklevoss-202007240445,https://editorial.fxstreet.com/images/Resources/Discover_6_1_Medium.jpg
https://www.fxstreet.com/cryptocurrencies/news/bitcoin-price-forecast-btc-usd-has-clear-path-to-10-000-confluence-detector-202007240054,https://editorial.fxstreet.com/images/Resources/Discover_6_1_Medium.jpg
https://www.fxstreet.com/cryptocurrencies/news/bitcoin-price-forecast-btc-usd-has-clear-path-to-10-000-confluence-detector-202007240054,https://editorial.fxstreet.com/images/Resources/Discover_6_1_Medium.jpg
https://www.fxstreet.com/cryptocurrencies/news/bitcoins-mass-adoption-passes-the-point-of-no-return-202009290710,https://editorial.fxstreet.com/images/Resources/Discover_6_1_Medium.jpg
https://www.fxstreet.com/cryptocurrencies/news/bitcoins-mass-adoption-passes-the-point-of-no-return-202009290710,https://editorial.fxstreet.com/images/Resources/Discover_6_1_Medium.jpg
https://www.fxstreet.com/cryptocurrencies/news/bitcoins-buying-pressure-growing-as-grayscale-adds-17-000-btc-to-the-portfolio-202009280736,https://editorial.fxstreet.com/images/Resources/Discover_6_1_Medium.jpg
https://www.fxstreet.com/cryptocurrencies/news/bitcoins-buying-pressure-growing-as-grayscale-adds-17-000-btc-to-the-portfolio-202009280736,https://editorial.fxstreet.com/images/Resources/Discover_6_1_Medium.jpg
https://www.fxstreet.com/cryptocurrencies/news/bitcoin-weekly-forecast-keep-calm-and-hodl-on-until-the-usa-elect-the-president-202009251524,https://editorial.fxstreet.com/images/Resources/Discover_6_1_Medium.jpg
https://www.fxstreet.com/cryptocurrencies/news/bitcoin-weekly-forecast-keep-calm-and-hodl-on-until-the-usa-elect-the-president-202009251524,https://editorial.fxstreet.com/images/Resources/Discover_6_1_Medium.jpg
https://www.fxstreet.com/cryptocurrencies/news/88-000-bitcoin-options-are-set-to-expire-this-friday-what-does-it-mean-for-btc-202009231324,https://editorial.fxstreet.com/images/Resources/Discover_6_1_Medium.jpg
https://www.fxstreet.com/cryptocurrencies/news/88-000-bitcoin-options-are-set-to-expire-this-friday-what-does-it-mean-for-btc-202009231324,https://editorial.fxstreet.com/images/Resources/Discover_6_1_Medium.jpg
https://www.fxstreet.com/cryptocurrencies/news/bitcoin-bears-wake-up-in-september-and-heres-why-202009221522,https://editorial.fxstreet.com/images/Resources/Discover_6_1_Medium.jpg
https://www.fxstreet.com/cryptocurrencies/news/bitcoin-bears-wake-up-in-september-and-heres-why-202009221522,https://editorial.fxstreet.com/images/Resources/Discover_6_1_Medium.jpg
https://www.fxstreet.com/cryptocurrencies/news/bitcoin-weekly-forecast-btc-crystal-ball-give-bulls-a-faint-flicker-of-hope-202009181617,https://editorial.fxstreet.com/images/Resources/Discover_6_1_Medium.jpg
https://www.fxstreet.com/cryptocurrencies/news/bitcoin-weekly-forecast-btc-crystal-ball-give-bulls-a-faint-flicker-of-hope-202009181617,https://editorial.fxstreet.com/images/Resources/Discover_6_1_Medium.jpg
https://www.fxstreet.com/cryptocurrencies/news/bitcoin-price-forecast-btc-signals-bullish-reversal-confluence-detector-202009170315,https://editorial.fxstreet.com/images/Resources/Discover_6_1_Medium.jpg
https://www.fxstreet.com/cryptocurrencies/news/bitcoin-price-forecast-btc-signals-bullish-reversal-confluence-detector-202009170315,https://editorial.fxstreet.com/images/Resources/Discover_6_1_Medium.jpg
https://www.fxstreet.com/cryptocurrencies/news/these-10-bitcoin-price-indicators-say-btc-is-now-a-buy-or-strong-buy-202009161555,https://editorial.fxstreet.com/images/Resources/Discover_6_1_Medium.jpg
https://www.fxstreet.com/cryptocurrencies/news/these-10-bitcoin-price-indicators-say-btc-is-now-a-buy-or-strong-buy-202009161555,https://editorial.fxstreet.com/images/Resources/Discover_6_1_Medium.jpg
https://www.fxstreet.com/cryptocurrencies/news/cryptocurrency-market-news-bitcoin-climbs-above-11-000-signaling-a-bullish-reversal-202009162003,https://editorial.fxstreet.com/images/Resources/Discover_6_1_Medium.jpg
https://www.fxstreet.com/cryptocurrencies/news/cryptocurrency-market-news-bitcoin-climbs-above-11-000-signaling-a-bullish-reversal-202009162003,https://editorial.fxstreet.com/images/Resources/Discover_6_1_Medium.jpg
https://www.fxstreet.com/cryptocurrencies/news/top-3-coins-price-prediction-bitcoin-ethereum-and-ripple-btc-aims-for-11-355-202009170027,https://editorial.fxstreet.com/images/Resources/Discover_6_1_Medium.jpg
https://www.fxstreet.com/cryptocurrencies/news/top-3-coins-price-prediction-bitcoin-ethereum-and-ripple-btc-aims-for-11-355-202009170027,https://editorial.fxstreet.com/images/Resources/Discover_6_1_Medium.jpg
https://www.fxstreet.com/cryptocurrencies/news/top-3-price-prediction-bitcoin-ethereum-ripple-bitcoin-on-track-to-restore-its-kingdom-202009160944,https://editorial.fxstreet.com/images/Resources/Discover_6_1_Medium.jpg
https://www.fxstreet.com/cryptocurrencies/news/top-3-price-prediction-bitcoin-ethereum-ripple-bitcoin-on-track-to-restore-its-kingdom-202009160944,https://editorial.fxstreet.com/images/Resources/Discover_6_1_Medium.jpg
https://www.fxstreet.com/cryptocurrencies/news/bitcoin-price-analysis-btc-poised-to-retest-10-500-before-the-growth-resumed-202009171145,https://editorial.fxstreet.com/images/Resources/Discover_6_1_Medium.jpg
https://www.fxstreet.com/cryptocurrencies/news/bitcoin-price-analysis-btc-poised-to-retest-10-500-before-the-growth-resumed-202009171145,https://editorial.fxstreet.com/images/Resources/Discover_6_1_Medium.jpg
https://www.fxstreet.com/cryptocurrencies/news/bitcoin-weekly-forecast-hodling-bitcoin-in-a-bull-market-is-still-a-working-strategy-202009041640,https://editorial.fxstreet.com/images/Resources/Discover_6_1_Medium.jpg
https://www.fxstreet.com/cryptocurrencies/news/bitcoin-weekly-forecast-hodling-bitcoin-in-a-bull-market-is-still-a-working-strategy-202009041640,https://editorial.fxstreet.com/images/Resources/Discover_6_1_Medium.jpg
https://www.fxstreet.com/cryptocurrencies/news/bitcoin-price-prediction-another-btc-bulls-massacre-on-the-way-confluence-detector-202009161427,https://editorial.fxstreet.com/images/Resources/Discover_6_1_Medium.jpg
https://www.fxstreet.com/cryptocurrencies/news/bitcoin-price-prediction-another-btc-bulls-massacre-on-the-way-confluence-detector-202009161427,https://editorial.fxstreet.com/images/Resources/Discover_6_1_Medium.jpg
https://www.fxstreet.com/cryptocurrencies/news/bitcoin-price-prediction-btc-bullish-case-to-12-000-jeopardized-as-consolidation-lingers-202009180513,https://editorial.fxstreet.com/images/Resources/Discover_6_1_Medium.jpg
https://www.fxstreet.com/cryptocurrencies/news/bitcoin-price-prediction-btc-bullish-case-to-12-000-jeopardized-as-consolidation-lingers-202009180513,https://editorial.fxstreet.com/images/Resources/Discover_6_1_Medium.jpg
https://www.fxstreet.com/cryptocurrencies/news/bitcoin-price-analysis-september-may-be-turbulent-for-btc-but-who-will-win-the-battle-202009101414,https://editorial.fxstreet.com/images/Resources/Discover_6_1_Medium.jpg
https://www.fxstreet.com/cryptocurrencies/news/bitcoin-price-analysis-september-may-be-turbulent-for-btc-but-who-will-win-the-battle-202009101414,https://editorial.fxstreet.com/images/Resources/Discover_6_1_Medium.jpg
https://www.fxstreet.com/cryptocurrencies/news/cryptocurrency-market-news-around-87-000-bitcoin-options-set-to-expire-this-friday-202009222042,https://editorial.fxstreet.com/images/Resources/Discover_6_1_Medium.jpg
https://www.fxstreet.com/cryptocurrencies/news/cryptocurrency-market-news-around-87-000-bitcoin-options-set-to-expire-this-friday-202009222042,https://editorial.fxstreet.com/images/Resources/Discover_6_1_Medium.jpg
https://www.fxstreet.com/cryptocurrencies/news/central-banks-move-to-crypto-in-the-effort-to-retain-control-over-the-monetary-system-202009241151,https://editorial.fxstreet.com/images/Resources/Discover_6_1_Medium.jpg
https://www.fxstreet.com/cryptocurrencies/news/central-banks-move-to-crypto-in-the-effort-to-retain-control-over-the-monetary-system-202009241151,https://editorial.fxstreet.com/images/Resources/Discover_6_1_Medium.jpg
https://www.fxstreet.com/cryptocurrencies/news/brazil-central-bank-president-says-the-country-could-roll-out-a-cbdc-by-2022-202009050016,https://editorial.fxstreet.com/images/Resources/Discover_6_1_Medium.jpg
https://www.fxstreet.com/cryptocurrencies/news/brazil-central-bank-president-says-the-country-could-roll-out-a-cbdc-by-2022-202009050016,https://editorial.fxstreet.com/images/Resources/Discover_6_1_Medium.jpg
https://www.fxstreet.com/cryptocurrencies/news/china-aims-to-use-its-cbdc-to-rival-alibaba-and-tencent-202008060445,https://editorial.fxstreet.com/images/Resources/Discover_6_1_Medium.jpg
https://www.fxstreet.com/cryptocurrencies/news/china-aims-to-use-its-cbdc-to-rival-alibaba-and-tencent-202008060445,https://editorial.fxstreet.com/images/Resources/Discover_6_1_Medium.jpg
https://www.fxstreet.com/cryptocurrencies/news/bank-of-france-chooses-eight-financial-institutions-for-cbdc-experiments-202007220344,https://editorial.fxstreet.com/images/Resources/Discover_6_1_Medium.jpg
https://www.fxstreet.com/cryptocurrencies/news/bank-of-france-chooses-eight-financial-institutions-for-cbdc-experiments-202007220344,https://editorial.fxstreet.com/images/Resources/Discover_6_1_Medium.jpg
https://www.fxstreet.com/cryptocurrencies/news/bitcoin-to-follow-stocks-and-gold-on-the-way-down-as-the-market-hit-the-panic-button-202009231138,https://editorial.fxstreet.com/images/Resources/Discover_6_1_Medium.jpg
https://www.fxstreet.com/cryptocurrencies/news/bitcoin-to-follow-stocks-and-gold-on-the-way-down-as-the-market-hit-the-panic-button-202009231138,https://editorial.fxstreet.com/images/Resources/Discover_6_1_Medium.jpg
https://www.fxstreet.com/cryptocurrencies/news/bitcoin-price-prediction-btc-slips-into-buy-the-dip-zone-exploring-the-sopr-on-chain-index-202009230959,https://editorial.fxstreet.com/images/Resources/Discover_6_1_Medium.jpg
https://www.fxstreet.com/cryptocurrencies/news/bitcoin-price-prediction-btc-slips-into-buy-the-dip-zone-exploring-the-sopr-on-chain-index-202009230959,https://editorial.fxstreet.com/images/Resources/Discover_6_1_Medium.jpg
https://www.fxstreet.com/cryptocurrencies/news/bitcoin-price-forecast-btc-stifled-under-strong-resistance-stacks-confluence-detector-202009230437,https://editorial.fxstreet.com/images/Resources/Discover_6_1_Medium.jpg
https://www.fxstreet.com/cryptocurrencies/news/bitcoin-price-forecast-btc-stifled-under-strong-resistance-stacks-confluence-detector-202009230437,https://editorial.fxstreet.com/images/Resources/Discover_6_1_Medium.jpg
https://www.fxstreet.com/cryptocurrencies/news/top-3-coins-price-prediction-bitcoin-ethereum-and-ripple-btc-enters-a-consolidation-period-202009230014,https://editorial.fxstreet.com/images/Resources/Discover_6_1_Medium.jpg
https://www.fxstreet.com/cryptocurrencies/news/top-3-coins-price-prediction-bitcoin-ethereum-and-ripple-btc-enters-a-consolidation-period-202009230014,https://editorial.fxstreet.com/images/Resources/Discover_6_1_Medium.jpg
https://www.fxstreet.com/cryptocurrencies/news/ethereum-and-bitcoin-poised-for-a-short-term-rebound-before-further-losses-202009221445,https://editorial.fxstreet.com/images/Resources/Discover_6_1_Medium.jpg
https://www.fxstreet.com/cryptocurrencies/news/ethereum-and-bitcoin-poised-for-a-short-term-rebound-before-further-losses-202009221445,https://editorial.fxstreet.com/images/Resources/Discover_6_1_Medium.jpg
https://www.fxstreet.com/cryptocurrencies/news/top-3-coins-price-prediction-bitcoin-ethereum-and-ripple-btc-eyes-drop-to-10-500-202009180018,https://editorial.fxstreet.com/images/Resources/Discover_6_1_Medium.jpg
https://www.fxstreet.com/cryptocurrencies/news/top-3-coins-price-prediction-bitcoin-ethereum-and-ripple-btc-eyes-drop-to-10-500-202009180018,https://editorial.fxstreet.com/images/Resources/Discover_6_1_Medium.jpg
https://www.fxstreet.com/cryptocurrencies/news/ethereum-price-prediction-eth-could-be-on-the-verge-of-an-imminent-breakout-above-400-202009171835,https://editorial.fxstreet.com/images/Resources/Discover_6_1_Medium.jpg
https://www.fxstreet.com/cryptocurrencies/news/ethereum-price-prediction-eth-could-be-on-the-verge-of-an-imminent-breakout-above-400-202009171835,https://editorial.fxstreet.com/images/Resources/Discover_6_1_Medium.jpg
https://www.fxstreet.com/cryptocurrencies/news/ethereum-price-analysis-eth-fundamentals-imply-that-something-big-is-brewing-202009170800,https://editorial.fxstreet.com/images/Resources/Discover_6_1_Medium.jpg
https://www.fxstreet.com/cryptocurrencies/news/ethereum-price-analysis-eth-fundamentals-imply-that-something-big-is-brewing-202009170800,https://editorial.fxstreet.com/images/Resources/Discover_6_1_Medium.jpg
https://www.fxstreet.com/cryptocurrencies/news/uniswap-launches-uni-token-enjoys-immediate-binance-listing-202009170450,https://editorial.fxstreet.com/images/Resources/Discover_6_1_Medium.jpg
https://www.fxstreet.com/cryptocurrencies/news/uniswap-launches-uni-token-enjoys-immediate-binance-listing-202009170450,https://editorial.fxstreet.com/images/Resources/Discover_6_1_Medium.jpg
https://www.fxstreet.com/cryptocurrencies/news/sushiswap-market-update-drama-filled-day-sees-sushi-gain-by-165-202009120000,https://editorial.fxstreet.com/images/Resources/Discover_6_1_Medium.jpg
https://www.fxstreet.com/cryptocurrencies/news/sushiswap-market-update-drama-filled-day-sees-sushi-gain-by-165-202009120000,https://editorial.fxstreet.com/images/Resources/Discover_6_1_Medium.jpg
https://www.fxstreet.com/cryptocurrencies/news/cryptocurrency-market-news-sushiswap-creator-returns-14-million-developer-fund-202009111908,https://editorial.fxstreet.com/images/Resources/Discover_6_1_Medium.jpg
https://www.fxstreet.com/cryptocurrencies/news/cryptocurrency-market-news-sushiswap-creator-returns-14-million-developer-fund-202009111908,https://editorial.fxstreet.com/images/Resources/Discover_6_1_Medium.jpg
https://www.fxstreet.com/cryptocurrencies/news/defi-market-update-safe-goes-through-one-of-the-most-brutal-pump-and-dump-in-recent-memory-202009170212,https://editorial.fxstreet.com/images/Resources/Discover_6_1_Medium.jpg
https://www.fxstreet.com/cryptocurrencies/news/defi-market-update-safe-goes-through-one-of-the-most-brutal-pump-and-dump-in-recent-memory-202009170212,https://editorial.fxstreet.com/images/Resources/Discover_6_1_Medium.jpg
https://www.fxstreet.com/cryptocurrencies/news/aave-market-update-lend-may-be-the-most-undervalued-token-in-the-world-202009160024,https://editorial.fxstreet.com/images/Resources/Discover_6_1_Medium.jpg
https://www.fxstreet.com/cryptocurrencies/news/aave-market-update-lend-may-be-the-most-undervalued-token-in-the-world-202009160024,https://editorial.fxstreet.com/images/Resources/Discover_6_1_Medium.jpg
https://www.fxstreet.com/cryptocurrencies/news/cryptocurrency-market-news-binance-accused-of-laundering-9-million-from-2018-hack-202009152002,https://editorial.fxstreet.com/images/Resources/Discover_6_1_Medium.jpg
https://www.fxstreet.com/cryptocurrencies/news/cryptocurrency-market-news-binance-accused-of-laundering-9-million-from-2018-hack-202009152002,https://editorial.fxstreet.com/images/Resources/Discover_6_1_Medium.jpg
https://www.fxstreet.com/cryptocurrencies/news/eos-price-analysis-eos-entry-into-the-defi-space-seems-to-have-been-a-big-failure-202009151403,https://editorial.fxstreet.com/images/Resources/Discover_6_1_Medium.jpg
https://www.fxstreet.com/cryptocurrencies/news/eos-price-analysis-eos-entry-into-the-defi-space-seems-to-have-been-a-big-failure-202009151403,https://editorial.fxstreet.com/images/Resources/Discover_6_1_Medium.jpg
https://www.fxstreet.com/cryptocurrencies/news/eos-price-analysis-eos-usd-might-be-headed-towards-175-according-to-a-descending-triangle-202009041549,https://editorial.fxstreet.com/images/Resources/Discover_6_1_Medium.jpg
https://www.fxstreet.com/cryptocurrencies/news/eos-price-analysis-eos-usd-might-be-headed-towards-175-according-to-a-descending-triangle-202009041549,https://editorial.fxstreet.com/images/Resources/Discover_6_1_Medium.jpg
https://www.fxstreet.com/cryptocurrencies/news/neo-price-analysis-neo-forms-a-double-top-but-the-bullish-sentiment-persists-202009151242,https://editorial.fxstreet.com/images/Resources/Discover_6_1_Medium.jpg
https://www.fxstreet.com/cryptocurrencies/news/neo-price-analysis-neo-forms-a-double-top-but-the-bullish-sentiment-persists-202009151242,https://editorial.fxstreet.com/images/Resources/Discover_6_1_Medium.jpg
https://www.fxstreet.com/cryptocurrencies/news/bitcoin-price-prediction-btc-bulls-relentless-thrust-to-12-000-202009150446,https://editorial.fxstreet.com/images/Resources/Discover_6_1_Medium.jpg
https://www.fxstreet.com/cryptocurrencies/news/bitcoin-price-prediction-btc-bulls-relentless-thrust-to-12-000-202009150446,https://editorial.fxstreet.com/images/Resources/Discover_6_1_Medium.jpg
https://www.fxstreet.com/cryptocurrencies/news/bitcoin-coin-price-forecast-btc-turns-10-400-into-support-how-nigh-is-11-500-202009130929,https://editorial.fxstreet.com/images/Resources/Discover_6_1_Medium.jpg
https://www.fxstreet.com/cryptocurrencies/news/bitcoin-coin-price-forecast-btc-turns-10-400-into-support-how-nigh-is-11-500-202009130929,https://editorial.fxstreet.com/images/Resources/Discover_6_1_Medium.jpg
https://www.fxstreet.com/cryptocurrencies/news/neo-price-analysis-neo-enters-the-defi-space-202009120246,https://editorial.fxstreet.com/images/Resources/Discover_6_1_Medium.jpg
https://www.fxstreet.com/cryptocurrencies/news/neo-price-analysis-neo-enters-the-defi-space-202009120246,https://editorial.fxstreet.com/images/Resources/Discover_6_1_Medium.jpg
https://www.fxstreet.com/cryptocurrencies/news/justin-sun-is-boosting-the-value-of-tron-making-use-of-the-defi-craze-202009111825,https://editorial.fxstreet.com/images/Resources/Discover_6_1_Medium.jpg
https://www.fxstreet.com/cryptocurrencies/news/justin-sun-is-boosting-the-value-of-tron-making-use-of-the-defi-craze-202009111825,https://editorial.fxstreet.com/images/Resources/Discover_6_1_Medium.jpg
https://www.fxstreet.com/cryptocurrencies/news/can-any-of-the-altcoins-outperform-the-rise-of-bitcoin-btc-202009151603,https://editorial.fxstreet.com/images/Resources/Discover_6_1_Medium.jpg
https://www.fxstreet.com/cryptocurrencies/news/can-any-of-the-altcoins-outperform-the-rise-of-bitcoin-btc-202009151603,https://editorial.fxstreet.com/images/Resources/Discover_6_1_Medium.jpg
https://www.fxstreet.com/cryptocurrencies/news/bitcoin-cash-price-jumps-68-looming-hard-fork-to-boost-bch-user-base-202105061221,https://editorial.fxstreet.com/images/Resources/Discover_6_1_Medium.jpg
https://www.fxstreet.com/cryptocurrencies/news/bitcoin-cash-price-jumps-68-looming-hard-fork-to-boost-bch-user-base-202105061221,https://editorial.fxstreet.com/images/Resources/Discover_6_1_Medium.jpg
https://www.fxstreet.com/cryptocurrencies/news/converting-from-crypto-will-the-collapse-of-bitcoin-send-more-investors-towards-traditional-retail-investing-202107051631,https://editorial.fxstreet.com/images/Resources/Discover_6_1_Medium.jpg
https://www.fxstreet.com/cryptocurrencies/news/converting-from-crypto-will-the-collapse-of-bitcoin-send-more-investors-towards-traditional-retail-investing-202107051631,https://editorial.fxstreet.com/images/Resources/Discover_6_1_Medium.jpg
https://www.fxstreet.com/cryptocurrencies/news/catering-to-crypto-progressive-marketing-strategies-for-new-ico-and-fintech-startups-202007171615,https://editorial.fxstreet.com/images/Resources/Discover_6_1_Medium.jpg
https://www.fxstreet.com/cryptocurrencies/news/catering-to-crypto-progressive-marketing-strategies-for-new-ico-and-fintech-startups-202007171615,https://editorial.fxstreet.com/images/Resources/Discover_6_1_Medium.jpg
https://www.fxstreet.com/cryptocurrencies/news/unlocking-the-future-could-paypals-development-of-bitcoin-capabilities-be-a-watershed-moment-for-crypto-202007281501,https://editorial.fxstreet.com/images/Resources/Discover_6_1_Medium.jpg
https://www.fxstreet.com/cryptocurrencies/news/unlocking-the-future-could-paypals-development-of-bitcoin-capabilities-be-a-watershed-moment-for-crypto-202007281501,https://editorial.fxstreet.com/images/Resources/Discover_6_1_Medium.jpg
https://www.fxstreet.com/cryptocurrencies/news/bitcoin-mining-difficulty-records-steepest-plunge-in-history-dropping-28-202107050347,https://editorial.fxstreet.com/images/Resources/Discover_6_1_Medium.jpg
https://www.fxstreet.com/cryptocurrencies/news/bitcoin-mining-difficulty-records-steepest-plunge-in-history-dropping-28-202107050347,https://editorial.fxstreet.com/images/Resources/Discover_6_1_Medium.jpg
https://www.fxstreet.com/cryptocurrencies/news/worlds-largest-bitcoin-mining-machine-maker-bitmain-suspends-sales-as-miners-flee-china-202106250330,https://editorial.fxstreet.com/images/Resources/Discover_6_1_Medium.jpg
https://www.fxstreet.com/cryptocurrencies/news/worlds-largest-bitcoin-mining-machine-maker-bitmain-suspends-sales-as-miners-flee-china-202106250330,https://editorial.fxstreet.com/images/Resources/Discover_6_1_Medium.jpg
https://www.fxstreet.com/cryptocurrencies/news/chinese-banks-to-halt-cryptocurrency-transactions-to-implement-government-anti-crypto-measures-202106220236,https://editorial.fxstreet.com/images/Resources/Discover_6_1_Medium.jpg
https://www.fxstreet.com/cryptocurrencies/news/chinese-banks-to-halt-cryptocurrency-transactions-to-implement-government-anti-crypto-measures-202106220236,https://editorial.fxstreet.com/images/Resources/Discover_6_1_Medium.jpg
https://www.fxstreet.com/cryptocurrencies/news/chinas-inner-mongolia-to-shut-down-crypto-mining-farms-by-april-2021-202103011336,https://editorial.fxstreet.com/images/Resources/Discover_6_1_Medium.jpg
https://www.fxstreet.com/cryptocurrencies/news/chinas-inner-mongolia-to-shut-down-crypto-mining-farms-by-april-2021-202103011336,https://editorial.fxstreet.com/images/Resources/Discover_6_1_Medium.jpg
https://www.fxstreet.com/cryptocurrencies/news/bitcoin-hashrate-suffers-massive-drop-as-china-continues-to-crack-down-on-btc-mining-202106210247,https://editorial.fxstreet.com/images/Resources/Discover_6_1_Medium.jpg
https://www.fxstreet.com/cryptocurrencies/news/bitcoin-hashrate-suffers-massive-drop-as-china-continues-to-crack-down-on-btc-mining-202106210247,https://editorial.fxstreet.com/images/Resources/Discover_6_1_Medium.jpg
https://www.fxstreet.com/cryptocurrencies/news/bitcoin-mining-council-unveils-details-confirms-elon-musk-has-no-role-202106110614,https://editorial.fxstreet.com/images/Resources/Discover_6_1_Medium.jpg
https://www.fxstreet.com/cryptocurrencies/news/bitcoin-mining-council-unveils-details-confirms-elon-musk-has-no-role-202106110614,https://editorial.fxstreet.com/images/Resources/Discover_6_1_Medium.jpg
https://www.fxstreet.com/cryptocurrencies/news/china-considers-bitcoin-and-cryptos-as-investment-tools-vet-and-neo-prices-soar-202104190400,https://editorial.fxstreet.com/images/Resources/Discover_6_1_Medium.jpg
https://www.fxstreet.com/cryptocurrencies/news/china-considers-bitcoin-and-cryptos-as-investment-tools-vet-and-neo-prices-soar-202104190400,https://editorial.fxstreet.com/images/Resources/Discover_6_1_Medium.jpg
https://www.fxstreet.com/cryptocurrencies/news/meitu-purchases-another-10m-in-bitcoin-to-fulfill-crypto-treasury-allocation-plan-202104090304,https://editorial.fxstreet.com/images/Resources/Discover_6_1_Medium.jpg
https://www.fxstreet.com/cryptocurrencies/news/meitu-purchases-another-10m-in-bitcoin-to-fulfill-crypto-treasury-allocation-plan-202104090304,https://editorial.fxstreet.com/images/Resources/Discover_6_1_Medium.jpg
https://www.fxstreet.com/cryptocurrencies/news/hong-kong-issues-its-first-crypto-authorization-to-brokerage-firm-202012152244,https://editorial.fxstreet.com/images/Resources/Discover_6_1_Medium.jpg
https://www.fxstreet.com/cryptocurrencies/news/hong-kong-issues-its-first-crypto-authorization-to-brokerage-firm-202012152244,https://editorial.fxstreet.com/images/Resources/Discover_6_1_Medium.jpg
https://www.fxstreet.com/cryptocurrencies/news/the-upsurge-in-bitcoin-adoption-by-institutions-to-keep-demand-high-for-years-jpmorgan-202012140614,https://editorial.fxstreet.com/images/Resources/Discover_6_1_Medium.jpg
https://www.fxstreet.com/cryptocurrencies/news/the-upsurge-in-bitcoin-adoption-by-institutions-to-keep-demand-high-for-years-jpmorgan-202012140614,https://editorial.fxstreet.com/images/Resources/Discover_6_1_Medium.jpg
https://www.fxstreet.com/cryptocurrencies/news/bitcoin-leads-the-way-to-mainstream-adoption-but-altcoins-have-plenty-of-room-to-grow-202012120120,https://editorial.fxstreet.com/images/Resources/Discover_6_1_Medium.jpg
https://www.fxstreet.com/cryptocurrencies/news/bitcoin-leads-the-way-to-mainstream-adoption-but-altcoins-have-plenty-of-room-to-grow-202012120120,https://editorial.fxstreet.com/images/Resources/Discover_6_1_Medium.jpg
https://www.fxstreet.com/cryptocurrencies/news/here-are-some-of-the-biggest-risks-when-yield-farming-202012021339,https://editorial.fxstreet.com/images/Resources/Discover_6_1_Medium.jpg
https://www.fxstreet.com/cryptocurrencies/news/here-are-some-of-the-biggest-risks-when-yield-farming-202012021339,https://editorial.fxstreet.com/images/Resources/Discover_6_1_Medium.jpg
https://www.fxstreet.com/cryptocurrencies/news/chainlink-20-introduces-hybrid-smart-contracts-to-redefine-the-future-of-defi-and-nfts-202104160227,https://editorial.fxstreet.com/images/Resources/Discover_6_1_Medium.jpg
https://www.fxstreet.com/cryptocurrencies/news/chainlink-20-introduces-hybrid-smart-contracts-to-redefine-the-future-of-defi-and-nfts-202104160227,https://editorial.fxstreet.com/images/Resources/Discover_6_1_Medium.jpg
https://www.fxstreet.com/cryptocurrencies/news/grayscale-adds-chainlink-to-its-large-cap-crypto-fund-providing-tailwind-to-link-price-202104070810,https://editorial.fxstreet.com/images/Resources/Discover_6_1_Medium.jpg
https://www.fxstreet.com/cryptocurrencies/news/grayscale-adds-chainlink-to-its-large-cap-crypto-fund-providing-tailwind-to-link-price-202104070810,https://editorial.fxstreet.com/images/Resources/Discover_6_1_Medium.jpg
https://www.fxstreet.com/cryptocurrencies/news/chainlink-price-prediction-link-hints-at-reversal-after-25-crash-202103260853,https://editorial.fxstreet.com/images/Resources/Discover_6_1_Medium.jpg
https://www.fxstreet.com/cryptocurrencies/news/chainlink-price-prediction-link-hints-at-reversal-after-25-crash-202103260853,https://editorial.fxstreet.com/images/Resources/Discover_6_1_Medium.jpg
https://www.fxstreet.com/cryptocurrencies/news/chainlink-price-forecast-link-marches-towards-a-new-all-time-high-of-43-202103200116,https://editorial.fxstreet.com/images/Resources/Discover_6_1_Medium.jpg
https://www.fxstreet.com/cryptocurrencies/news/chainlink-price-forecast-link-marches-towards-a-new-all-time-high-of-43-202103200116,https://editorial.fxstreet.com/images/Resources/Discover_6_1_Medium.jpg
https://www.fxstreet.com/cryptocurrencies/news/litecoin-price-must-stay-above-this-critical-support-level-to-avoid-a-35-drop-confluence-detector-202101271642,https://editorial.fxstreet.com/images/Resources/Discover_6_1_Medium.jpg
https://www.fxstreet.com/cryptocurrencies/news/litecoin-price-must-stay-above-this-critical-support-level-to-avoid-a-35-drop-confluence-detector-202101271642,https://editorial.fxstreet.com/images/Resources/Discover_6_1_Medium.jpg
https://www.fxstreet.com/cryptocurrencies/news/chainlink-price-prediction-link-on-track-for-a-44-bull-rally-202103180433,https://editorial.fxstreet.com/images/Resources/Discover_6_1_Medium.jpg
https://www.fxstreet.com/cryptocurrencies/news/chainlink-price-prediction-link-on-track-for-a-44-bull-rally-202103180433,https://editorial.fxstreet.com/images/Resources/Discover_6_1_Medium.jpg
https://www.fxstreet.com/cryptocurrencies/news/chainlink-price-forecast-link-is-at-risk-of-a-24-correction-202103162223,https://editorial.fxstreet.com/images/Resources/Discover_6_1_Medium.jpg
https://www.fxstreet.com/cryptocurrencies/news/chainlink-price-forecast-link-is-at-risk-of-a-24-correction-202103162223,https://editorial.fxstreet.com/images/Resources/Discover_6_1_Medium.jpg
https://www.fxstreet.com/cryptocurrencies/news/chainlink-price-on-the-brink-of-a-massive-crash-according-to-technicals-202103121711,https://editorial.fxstreet.com/images/Resources/Discover_6_1_Medium.jpg
https://www.fxstreet.com/cryptocurrencies/news/chainlink-price-on-the-brink-of-a-massive-crash-according-to-technicals-202103121711,https://editorial.fxstreet.com/images/Resources/Discover_6_1_Medium.jpg
https://www.fxstreet.com/cryptocurrencies/news/chainlink-price-prediction-link-to-rebound-to-37-if-crucial-support-holds-202103112318,https://editorial.fxstreet.com/images/Resources/Discover_6_1_Medium.jpg
https://www.fxstreet.com/cryptocurrencies/news/chainlink-price-prediction-link-to-rebound-to-37-if-crucial-support-holds-202103112318,https://editorial.fxstreet.com/images/Resources/Discover_6_1_Medium.jpg
https://www.fxstreet.com/cryptocurrencies/news/chainlink-price-faces-no-strong-barriers-before-a-jump-to-43-202103081354,https://editorial.fxstreet.com/images/Resources/Discover_6_1_Medium.jpg
https://www.fxstreet.com/cryptocurrencies/news/chainlink-price-faces-no-strong-barriers-before-a-jump-to-43-202103081354,https://editorial.fxstreet.com/images/Resources/Discover_6_1_Medium.jpg
https://www.fxstreet.com/cryptocurrencies/news/chainlink-price-prediction-link-dances-at-the-edge-of-a-high-cliff-as-breakdown-under-20-looms-202103050639,https://editorial.fxstreet.com/images/Resources/Discover_6_1_Medium.jpg
https://www.fxstreet.com/cryptocurrencies/news/chainlink-price-prediction-link-dances-at-the-edge-of-a-high-cliff-as-breakdown-under-20-looms-202103050639,https://editorial.fxstreet.com/images/Resources/Discover_6_1_Medium.jpg
https://www.fxstreet.com/cryptocurrencies/news/chainlink-price-forecast-link-encounters-no-barriers-ahead-of-40-202103031807,https://editorial.fxstreet.com/images/Resources/Discover_6_1_Medium.jpg
https://www.fxstreet.com/cryptocurrencies/news/chainlink-price-forecast-link-encounters-no-barriers-ahead-of-40-202103031807,https://editorial.fxstreet.com/images/Resources/Discover_6_1_Medium.jpg
https://www.fxstreet.com/cryptocurrencies/news/chainlink-price-forecast-link-will-aim-for-new-all-time-highs-if-it-holds-this-critical-level-202103021340,https://editorial.fxstreet.com/images/Resources/Discover_6_1_Medium.jpg
https://www.fxstreet.com/cryptocurrencies/news/chainlink-price-forecast-link-will-aim-for-new-all-time-highs-if-it-holds-this-critical-level-202103021340,https://editorial.fxstreet.com/images/Resources/Discover_6_1_Medium.jpg
https://www.fxstreet.com/cryptocurrencies/news/chainlink-price-prediction-link-on-the-brink-of-36-retreat-as-network-eyes-higher-scalability-and-decentralization-202103010520,https://editorial.fxstreet.com/images/Resources/Discover_6_1_Medium.jpg
https://www.fxstreet.com/cryptocurrencies/news/chainlink-price-prediction-link-on-the-brink-of-36-retreat-as-network-eyes-higher-scalability-and-decentralization-202103010520,https://editorial.fxstreet.com/images/Resources/Discover_6_1_Medium.jpg
https://www.fxstreet.com/cryptocurrencies/news/chainlink-price-prediction-link-remains-bullish-despite-short-term-sell-off-as-whales-hold-strong-202102241509,https://editorial.fxstreet.com/images/Resources/Discover_6_1_Medium.jpg
https://www.fxstreet.com/cryptocurrencies/news/chainlink-price-prediction-link-remains-bullish-despite-short-term-sell-off-as-whales-hold-strong-202102241509,https://editorial.fxstreet.com/images/Resources/Discover_6_1_Medium.jpg
https://www.fxstreet.com/cryptocurrencies/news/chainlink-price-prediction-link-bulls-flee-as-broadening-wedge-pattern-hints-at-a-50-drop-202102230713,https://editorial.fxstreet.com/images/Resources/Discover_6_1_Medium.jpg
https://www.fxstreet.com/cryptocurrencies/news/chainlink-price-prediction-link-bulls-flee-as-broadening-wedge-pattern-hints-at-a-50-drop-202102230713,https://editorial.fxstreet.com/images/Resources/Discover_6_1_Medium.jpg
https://www.fxstreet.com/cryptocurrencies/news/chainlink-price-will-crash-to-22-based-on-extremely-accurate-technical-index-202102170911,https://editorial.fxstreet.com/images/Resources/Discover_6_1_Medium.jpg
https://www.fxstreet.com/cryptocurrencies/news/chainlink-price-will-crash-to-22-based-on-extremely-accurate-technical-index-202102170911,https://editorial.fxstreet.com/images/Resources/Discover_6_1_Medium.jpg
https://www.fxstreet.com/cryptocurrencies/news/chainlink-price-on-the-verge-of-a-new-all-time-at-33-high-if-this-pattern-turns-bullish-202102121414,https://editorial.fxstreet.com/images/Resources/Discover_6_1_Medium.jpg
https://www.fxstreet.com/cryptocurrencies/news/chainlink-price-on-the-verge-of-a-new-all-time-at-33-high-if-this-pattern-turns-bullish-202102121414,https://editorial.fxstreet.com/images/Resources/Discover_6_1_Medium.jpg
https://www.fxstreet.com/cryptocurrencies/news/chainlink-price-prediction-link-continues-its-20-rally-to-record-levels-after-a-pullback-202102111137,https://editorial.fxstreet.com/images/Resources/Discover_6_1_Medium.jpg
https://www.fxstreet.com/cryptocurrencies/news/chainlink-price-prediction-link-continues-its-20-rally-to-record-levels-after-a-pullback-202102111137,https://editorial.fxstreet.com/images/Resources/Discover_6_1_Medium.jpg
https://www.fxstreet.com/cryptocurrencies/news/chainlink-price-prediction-link-poised-for-a-38-downswing-amid-intensifying-overhead-pressure-202102080523,https://editorial.fxstreet.com/images/Resources/Discover_6_1_Medium.jpg
https://www.fxstreet.com/cryptocurrencies/news/chainlink-price-prediction-link-poised-for-a-38-downswing-amid-intensifying-overhead-pressure-202102080523,https://editorial.fxstreet.com/images/Resources/Discover_6_1_Medium.jpg
https://www.fxstreet.com/cryptocurrencies/news/chainlink-price-prediction-link-on-chain-metrics-point-to-a-downswing-before-higher-highs-202102030738,https://editorial.fxstreet.com/images/Resources/Discover_6_1_Medium.jpg
https://www.fxstreet.com/cryptocurrencies/news/chainlink-price-prediction-link-on-chain-metrics-point-to-a-downswing-before-higher-highs-202102030738,https://editorial.fxstreet.com/images/Resources/Discover_6_1_Medium.jpg
https://www.fxstreet.com/cryptocurrencies/news/band-protocol-resumes-uptrend-to-new-all-time-highs-aiming-to-catch-up-with-chainlink-202102021300,https://editorial.fxstreet.com/images/Resources/Discover_6_1_Medium.jpg
https://www.fxstreet.com/cryptocurrencies/news/band-protocol-resumes-uptrend-to-new-all-time-highs-aiming-to-catch-up-with-chainlink-202102021300,https://editorial.fxstreet.com/images/Resources/Discover_6_1_Medium.jpg
https://www.fxstreet.com/cryptocurrencies/news/band-protocol-price-prediction-bands-recent-bullish-correction-may-lead-to-a-100-upswing-202101121450,https://editorial.fxstreet.com/images/Resources/Discover_6_1_Medium.jpg
https://www.fxstreet.com/cryptocurrencies/news/band-protocol-price-prediction-bands-recent-bullish-correction-may-lead-to-a-100-upswing-202101121450,https://editorial.fxstreet.com/images/Resources/Discover_6_1_Medium.jpg
https://www.fxstreet.com/cryptocurrencies/news/band-protocol-price-forecast-band-readies-for-a-22-downswing-as-network-growth-tumbles-202101080703,https://editorial.fxstreet.com/images/Resources/Discover_6_1_Medium.jpg
https://www.fxstreet.com/cryptocurrencies/news/band-protocol-price-forecast-band-readies-for-a-22-downswing-as-network-growth-tumbles-202101080703,https://editorial.fxstreet.com/images/Resources/Discover_6_1_Medium.jpg
https://www.fxstreet.com/cryptocurrencies/news/band-protocol-price-prepares-for-a-potential-50-move-to-11-202012171559,https://editorial.fxstreet.com/images/Resources/Discover_6_1_Medium.jpg
https://www.fxstreet.com/cryptocurrencies/news/band-protocol-price-prepares-for-a-potential-50-move-to-11-202012171559,https://editorial.fxstreet.com/images/Resources/Discover_6_1_Medium.jpg
https://www.fxstreet.com/cryptocurrencies/news/band-protocol-price-prediction-band-must-hold-above-6-to-make-way-for-a-50-breakout-202012160649,https://editorial.fxstreet.com/images/Resources/Discover_6_1_Medium.jpg
https://www.fxstreet.com/cryptocurrencies/news/band-protocol-price-prediction-band-must-hold-above-6-to-make-way-for-a-50-breakout-202012160649,https://editorial.fxstreet.com/images/Resources/Discover_6_1_Medium.jpg
https://www.fxstreet.com/cryptocurrencies/news/band-protocol-price-prediction-band-bulls-aim-for-a-50-upswing-but-a-correction-may-come-first-202012081542,https://editorial.fxstreet.com/images/Resources/Discover_6_1_Medium.jpg
https://www.fxstreet.com/cryptocurrencies/news/band-protocol-price-prediction-band-bulls-aim-for-a-50-upswing-but-a-correction-may-come-first-202012081542,https://editorial.fxstreet.com/images/Resources/Discover_6_1_Medium.jpg
https://www.fxstreet.com/cryptocurrencies/news/band-protocol-price-looks-for-a-pullback-after-a-34-upswing-to-52-202011061821,https://editorial.fxstreet.com/images/Resources/Discover_6_1_Medium.jpg
https://www.fxstreet.com/cryptocurrencies/news/band-protocol-price-looks-for-a-pullback-after-a-34-upswing-to-52-202011061821,https://editorial.fxstreet.com/images/Resources/Discover_6_1_Medium.jpg
https://www.fxstreet.com/cryptocurrencies/news/band-protocol-technical-analysis-band-usd-touches-8-briefly-after-listing-on-coinbase-202008061605,https://editorial.fxstreet.com/images/Resources/Discover_6_1_Medium.jpg
https://www.fxstreet.com/cryptocurrencies/news/band-protocol-technical-analysis-band-usd-touches-8-briefly-after-listing-on-coinbase-202008061605,https://editorial.fxstreet.com/images/Resources/Discover_6_1_Medium.jpg
https://www.fxstreet.com/cryptocurrencies/news/band-protocol-flashes-strong-buy-signal-following-a-massive-78-downturn-202010302059,https://editorial.fxstreet.com/images/Resources/Discover_6_1_Medium.jpg
https://www.fxstreet.com/cryptocurrencies/news/band-protocol-flashes-strong-buy-signal-following-a-massive-78-downturn-202010302059,https://editorial.fxstreet.com/images/Resources/Discover_6_1_Medium.jpg
https://www.fxstreet.com/cryptocurrencies/news/band-protocol-price-analysis-number-of-new-addresses-explodes-by-4-600-202010100559,https://editorial.fxstreet.com/images/Resources/Discover_6_1_Medium.jpg
https://www.fxstreet.com/cryptocurrencies/news/band-protocol-price-analysis-number-of-new-addresses-explodes-by-4-600-202010100559,https://editorial.fxstreet.com/images/Resources/Discover_6_1_Medium.jpg
https://www.fxstreet.com/cryptocurrencies/news/band-protocol-price-prediction-band-unstoppable-breakdown-eyes-200-ema-for-support-202009170955,https://editorial.fxstreet.com/images/Resources/Discover_6_1_Medium.jpg
https://www.fxstreet.com/cryptocurrencies/news/band-protocol-price-prediction-band-unstoppable-breakdown-eyes-200-ema-for-support-202009170955,https://editorial.fxstreet.com/images/Resources/Discover_6_1_Medium.jpg
https://www.fxstreet.com/cryptocurrencies/news/tron-partners-with-band-protocol-to-expand-its-defi-ecosystem-202009020245,https://editorial.fxstreet.com/images/Resources/Discover_6_1_Medium.jpg
https://www.fxstreet.com/cryptocurrencies/news/tron-partners-with-band-protocol-to-expand-its-defi-ecosystem-202009020245,https://editorial.fxstreet.com/images/Resources/Discover_6_1_Medium.jpg
https://www.fxstreet.com/cryptocurrencies/news/band-price-analysis-band-protocol-price-prediction-band-prepares-for-a-major-price-breakout-202010060447,https://editorial.fxstreet.com/images/Resources/Discover_6_1_Medium.jpg
https://www.fxstreet.com/cryptocurrencies/news/band-price-analysis-band-protocol-price-prediction-band-prepares-for-a-major-price-breakout-202010060447,https://editorial.fxstreet.com/images/Resources/Discover_6_1_Medium.jpg
https://www.fxstreet.com/cryptocurrencies/news/band-protocol-price-prediction-band-usd-breakdown-imminent-as-double-top-pattern-is-spotted-202009030820,https://editorial.fxstreet.com/images/Resources/Discover_6_1_Medium.jpg
https://www.fxstreet.com/cryptocurrencies/news/band-protocol-price-prediction-band-usd-breakdown-imminent-as-double-top-pattern-is-spotted-202009030820,https://editorial.fxstreet.com/images/Resources/Discover_6_1_Medium.jpg
https://www.fxstreet.com/cryptocurrencies/news/band-protocol-price-analysis-alleged-band-oracle-flaw-could-lead-to-disaster-202009081654,https://editorial.fxstreet.com/images/Resources/Discover_6_1_Medium.jpg
https://www.fxstreet.com/cryptocurrencies/news/band-protocol-price-analysis-alleged-band-oracle-flaw-could-lead-to-disaster-202009081654,https://editorial.fxstreet.com/images/Resources/Discover_6_1_Medium.jpg
https://www.fxstreet.com/cryptocurrencies/news/cryptocurrencies-price-prediction-bitcoin-ethereum-and-band-european-wrap-17-september-202009171153,https://editorial.fxstreet.com/images/Resources/Discover_6_1_Medium.jpg
https://www.fxstreet.com/cryptocurrencies/news/cryptocurrencies-price-prediction-bitcoin-ethereum-and-band-european-wrap-17-september-202009171153,https://editorial.fxstreet.com/images/Resources/Discover_6_1_Medium.jpg
https://www.fxstreet.com/cryptocurrencies/news/band-protocol-price-prediction-band-formed-a-bullish-reversal-pattern-targeting-10-202010161516,https://editorial.fxstreet.com/images/Resources/Discover_6_1_Medium.jpg
https://www.fxstreet.com/cryptocurrencies/news/band-protocol-price-prediction-band-formed-a-bullish-reversal-pattern-targeting-10-202010161516,https://editorial.fxstreet.com/images/Resources/Discover_6_1_Medium.jpg
https://www.fxstreet.com/cryptocurrencies/news/breaking-okex-founder-mingxing-xu-arrested-withdrawals-suspended-202010161328,https://editorial.fxstreet.com/images/Resources/Discover_6_1_Medium.jpg
https://www.fxstreet.com/cryptocurrencies/news/breaking-okex-founder-mingxing-xu-arrested-withdrawals-suspended-202010161328,https://editorial.fxstreet.com/images/Resources/Discover_6_1_Medium.jpg
https://www.fxstreet.com/cryptocurrencies/news/cryptocurrency-market-news-several-cryptocurrency-projects-launch-a-1-1-swap-after-kucoin-hack-202009282013,https://editorial.fxstreet.com/images/Resources/Discover_6_1_Medium.jpg
https://www.fxstreet.com/cryptocurrencies/news/cryptocurrency-market-news-several-cryptocurrency-projects-launch-a-1-1-swap-after-kucoin-hack-202009282013,https://editorial.fxstreet.com/images/Resources/Discover_6_1_Medium.jpg
https://www.fxstreet.com/cryptocurrencies/news/kucoin-shares-technical-analysis-kcs-usd-recovers-from-a-42-flash-crash-and-gets-closer-to-1-again-202007081700,https://editorial.fxstreet.com/images/Resources/Discover_6_1_Medium.jpg
https://www.fxstreet.com/cryptocurrencies/news/kucoin-shares-technical-analysis-kcs-usd-recovers-from-a-42-flash-crash-and-gets-closer-to-1-again-202007081700,https://editorial.fxstreet.com/images/Resources/Discover_6_1_Medium.jpg
https://www.fxstreet.com/cryptocurrencies/news/ethereum-price-prediction-eth-is-eying-up-400-as-the-uptrend-continues-202009281603,https://editorial.fxstreet.com/images/Resources/Discover_6_1_Medium.jpg
https://www.fxstreet.com/cryptocurrencies/news/ethereum-price-prediction-eth-is-eying-up-400-as-the-uptrend-continues-202009281603,https://editorial.fxstreet.com/images/Resources/Discover_6_1_Medium.jpg
https://www.fxstreet.com/cryptocurrencies/news/ethereum-price-forecast-eth-bulls-drained-after-hitting-a-barrier-at-360-202009280425,https://editorial.fxstreet.com/images/Resources/Discover_6_1_Medium.jpg
https://www.fxstreet.com/cryptocurrencies/news/ethereum-price-forecast-eth-bulls-drained-after-hitting-a-barrier-at-360-202009280425,https://editorial.fxstreet.com/images/Resources/Discover_6_1_Medium.jpg
https://www.fxstreet.com/cryptocurrencies/news/ethereum-price-prediction-eth-on-the-cusp-of-a-rally-for-420-202009210504,https://editorial.fxstreet.com/images/Resources/Discover_6_1_Medium.jpg
https://www.fxstreet.com/cryptocurrencies/news/ethereum-price-prediction-eth-on-the-cusp-of-a-rally-for-420-202009210504,https://editorial.fxstreet.com/images/Resources/Discover_6_1_Medium.jpg
https://www.fxstreet.com/cryptocurrencies/news/ethereum-price-analysis-eth-usd-pares-majority-of-weekly-gains-trades-near-370-202009201653,https://editorial.fxstreet.com/images/Resources/Discover_6_1_Medium.jpg
https://www.fxstreet.com/cryptocurrencies/news/ethereum-price-analysis-eth-usd-pares-majority-of-weekly-gains-trades-near-370-202009201653,https://editorial.fxstreet.com/images/Resources/Discover_6_1_Medium.jpg
https://www.fxstreet.com/cryptocurrencies/news/ethereum-price-analysis-eth-faces-strong-resistance-wall-at-360-202009260318,https://editorial.fxstreet.com/images/Resources/Discover_6_1_Medium.jpg
https://www.fxstreet.com/cryptocurrencies/news/ethereum-price-analysis-eth-faces-strong-resistance-wall-at-360-202009260318,https://editorial.fxstreet.com/images/Resources/Discover_6_1_Medium.jpg
https://www.fxstreet.com/cryptocurrencies/news/ethereum-price-analysis-eth-faces-short-term-bearish-correction-at-350-202009250509,https://editorial.fxstreet.com/images/Resources/Discover_6_1_Medium.jpg
https://www.fxstreet.com/cryptocurrencies/news/ethereum-price-analysis-eth-faces-short-term-bearish-correction-at-350-202009250509,https://editorial.fxstreet.com/images/Resources/Discover_6_1_Medium.jpg
https://www.fxstreet.com/cryptocurrencies/news/defi-is-not-ready-for-mass-adoption-as-it-is-too-risky-and-complicated-gartner-reports-202009240824,https://editorial.fxstreet.com/images/Resources/Discover_6_1_Medium.jpg
https://www.fxstreet.com/cryptocurrencies/news/defi-is-not-ready-for-mass-adoption-as-it-is-too-risky-and-complicated-gartner-reports-202009240824,https://editorial.fxstreet.com/images/Resources/Discover_6_1_Medium.jpg
https://www.fxstreet.com/cryptocurrencies/news/sushis-rise-and-fall-what-happened-with-sushiswap-and-what-to-expect-202009070944,https://editorial.fxstreet.com/images/Resources/Discover_6_1_Medium.jpg
https://www.fxstreet.com/cryptocurrencies/news/sushis-rise-and-fall-what-happened-with-sushiswap-and-what-to-expect-202009070944,https://editorial.fxstreet.com/images/Resources/Discover_6_1_Medium.jpg
https://www.fxstreet.com/cryptocurrencies/news/cryptocurrency-market-update-freefall-in-defi-screams-bubble-busting-202009220549,https://editorial.fxstreet.com/images/Resources/Discover_6_1_Medium.jpg
https://www.fxstreet.com/cryptocurrencies/news/cryptocurrency-market-update-freefall-in-defi-screams-bubble-busting-202009220549,https://editorial.fxstreet.com/images/Resources/Discover_6_1_Medium.jpg
https://www.fxstreet.com/cryptocurrencies/news/yearnfinance-price-prediction-yfi-rekindles-the-bullish-flame-aiming-for-40-000-202009100802,https://editorial.fxstreet.com/images/Resources/Discover_6_1_Medium.jpg
https://www.fxstreet.com/cryptocurrencies/news/yearnfinance-price-prediction-yfi-rekindles-the-bullish-flame-aiming-for-40-000-202009100802,https://editorial.fxstreet.com/images/Resources/Discover_6_1_Medium.jpg
https://www.fxstreet.com/cryptocurrencies/news/defi-market-update-looking-at-uniswap-aave-and-maker-202009040405,https://editorial.fxstreet.com/images/Resources/Discover_6_1_Medium.jpg
https://www.fxstreet.com/cryptocurrencies/news/defi-market-update-looking-at-uniswap-aave-and-maker-202009040405,https://editorial.fxstreet.com/images/Resources/Discover_6_1_Medium.jpg
https://www.fxstreet.com/cryptocurrencies/news/uniswap-price-forecast-uni-ready-for-a-bullish-assault-once-57-is-cleared-202009211016,https://editorial.fxstreet.com/images/Resources/Discover_6_1_Medium.jpg
https://www.fxstreet.com/cryptocurrencies/news/uniswap-price-forecast-uni-ready-for-a-bullish-assault-once-57-is-cleared-202009211016,https://editorial.fxstreet.com/images/Resources/Discover_6_1_Medium.jpg
https://www.fxstreet.com/cryptocurrencies/news/is-uniswap-at-risk-after-sushi-and-crv-price-crash-in-defi-bloodbath-202009171707,https://editorial.fxstreet.com/images/Resources/Discover_6_1_Medium.jpg
https://www.fxstreet.com/cryptocurrencies/news/is-uniswap-at-risk-after-sushi-and-crv-price-crash-in-defi-bloodbath-202009171707,https://editorial.fxstreet.com/images/Resources/Discover_6_1_Medium.jpg
https://www.fxstreet.com/cryptocurrencies/news/uniswap-protocols-newly-launched-governance-token-uni-takes-on-defi-by-storm-202009180742,https://editorial.fxstreet.com/images/Resources/Discover_6_1_Medium.jpg
https://www.fxstreet.com/cryptocurrencies/news/uniswap-protocols-newly-launched-governance-token-uni-takes-on-defi-by-storm-202009180742,https://editorial.fxstreet.com/images/Resources/Discover_6_1_Medium.jpg
https://www.fxstreet.com/cryptocurrencies/news/is-binance-fueling-the-defi-mania-202009030922,https://editorial.fxstreet.com/images/Resources/Discover_6_1_Medium.jpg
https://www.fxstreet.com/cryptocurrencies/news/is-binance-fueling-the-defi-mania-202009030922,https://editorial.fxstreet.com/images/Resources/Discover_6_1_Medium.jpg
https://www.fxstreet.com/cryptocurrencies/news/bitcoin-and-ethereum-rebound-strongly-and-are-poised-for-further-gains-202009241753,https://editorial.fxstreet.com/images/Resources/Discover_6_1_Medium.jpg
https://www.fxstreet.com/cryptocurrencies/news/bitcoin-and-ethereum-rebound-strongly-and-are-poised-for-further-gains-202009241753,https://editorial.fxstreet.com/images/Resources/Discover_6_1_Medium.jpg
https://www.fxstreet.com/cryptocurrencies/news/uniswap-price-analysis-uni-rebounds-from-the-dip-bulls-aim-higher-202009240921,https://editorial.fxstreet.com/images/Resources/Discover_6_1_Medium.jpg
https://www.fxstreet.com/cryptocurrencies/news/uniswap-price-analysis-uni-rebounds-from-the-dip-bulls-aim-higher-202009240921,https://editorial.fxstreet.com/images/Resources/Discover_6_1_Medium.jpg
https://www.fxstreet.com/cryptocurrencies/news/optimism-rolls-out-new-testnet-to-solve-ethereums-scaling-issues-202009250945,https://editorial.fxstreet.com/images/Resources/Discover_6_1_Medium.jpg
https://www.fxstreet.com/cryptocurrencies/news/optimism-rolls-out-new-testnet-to-solve-ethereums-scaling-issues-202009250945,https://editorial.fxstreet.com/images/Resources/Discover_6_1_Medium.jpg
https://www.fxstreet.com/cryptocurrencies/news/cryptocurrency-projects-jumping-off-the-ethereum-ship-due-to-high-transaction-fees-202009220732,https://editorial.fxstreet.com/images/Resources/Discover_6_1_Medium.jpg
https://www.fxstreet.com/cryptocurrencies/news/cryptocurrency-projects-jumping-off-the-ethereum-ship-due-to-high-transaction-fees-202009220732,https://editorial.fxstreet.com/images/Resources/Discover_6_1_Medium.jpg
https://www.fxstreet.com/cryptocurrencies/news/ethereum-price-forecast-2020-calm-on-eth-usd-after-the-storm-is-over-201912201217,https://editorial.fxstreet.com/images/Resources/Discover_6_1_Medium.jpg
https://www.fxstreet.com/cryptocurrencies/news/ethereum-price-forecast-2020-calm-on-eth-usd-after-the-storm-is-over-201912201217,https://editorial.fxstreet.com/images/Resources/Discover_6_1_Medium.jpg
https://www.fxstreet.com/cryptocurrencies/news/ripples-xrp-price-forecast-2020-the-glimpse-of-hope-201912231208,https://editorial.fxstreet.com/images/Resources/Discover_6_1_Medium.jpg
https://www.fxstreet.com/cryptocurrencies/news/ripples-xrp-price-forecast-2020-the-glimpse-of-hope-201912231208,https://editorial.fxstreet.com/images/Resources/Discover_6_1_Medium.jpg
https://www.fxstreet.com/cryptocurrencies/news/bitcoin-price-forecast-2020-btc-the-ultimate-store-of-value-201912201347,https://editorial.fxstreet.com/images/Resources/Discover_6_1_Medium.jpg
https://www.fxstreet.com/cryptocurrencies/news/bitcoin-price-forecast-2020-btc-the-ultimate-store-of-value-201912201347,https://editorial.fxstreet.com/images/Resources/Discover_6_1_Medium.jpg
